Name,PanCard
Ernie,26E72D27659D
Tyler,7DCC300552EF
Fanya,CEE7F3ED201E
Basilius,BDF091D264BD
Clovis,9AED0A9FF2B9
Sandra,53D94F7E5FBC
Oralla,55F0D45949A5
Willetta,D2F70D76B413
Gerek,16E177C25072
Carley,81D36296A1D2
Lucita,7ED193C1AB6A
Ailsun,EF42465F9EE7
Kristina,B5477745984B
Clevey,7367D493BB97
Fayette,91CE34B7CDE8
Joshia,1B886E1726FE
Allayne,F10912196C91
Connie,1E6CFC751EFC
Deck,78116953A5C9
Paul,A4C892EE8328
Manfred,F19D19DBCE2D
Emelda,70620C68346E
Rollins,321888F04959
Shanon,6B3BFE10A23C
Lowrance,AE21D02869CD
Ilise,21D459E8E677
Anni,3EFBB7479251
Kinny,2B76B0FAFA2E
Yorgos,70DE6240E9B1
Maurizia,8A1D74FE46C8
Gael,4BD1958FA51C
Vinnie,D1D54D6763F7
Janey,61426B2EDFF9
Jess,3C1AF20A08D6
Krishnah,89C5C3C8BD20
Emogene,D0BCB26006AE
Cathi,243DDD7C494D
Marijn,4EC446BBC5B7
Alastair,B5287CF111BF
Cyrillus,EADD913BE935
Judas,1AB834C72C1B
Nappy,69C4DE0A3478
Elliot,77B1DB503FEF
Cosme,F178B323162A
Marilyn,118BAEC86965
Emlyn,08610BA27078
Maible,369E0D92EC51
Ferdinand,3A5076E63FFF
Ode,8E668DAB0D01
Isabella,6EE68690E61F
Georgiana,7E50C80B4DC0
Wolfgang,DA1CE3F45C37
Jourdan,848C9BC62A76
Yolanthe,7C35066E8F41
Hieronymus,0A33239BD3F1
Shandee,85E40647A81A
Mallorie,2ADAA5AD0226
Susannah,B0591F5CF410
Brenna,C52F5D084D85
Alejandra,2DE9A97B2B2E
Leelah,2A3609F9C06A
Clemmie,BE334EDABB33
Lonnie,4D6766D645EE
Ali,9D7F5565212E
Leah,4BB3DA416733
Dennet,E5EE5C066677
Iormina,CDDA0619FFEB
Alvin,05E380AD39FC
Hermy,18CD57181787
Brittni,BF29DCCF367B
Sallie,6132F39A9376
Zachariah,CD2B1F0E4E8E
Briano,0B2224690A44
Myranda,55E9BC73743D
Cheri,7D88B5A24B49
Nelson,F12962FE76CC
Tanitansy,F93304BDB1FD
Nichole,ADCFF364A073
Urbain,F8E633FB4A3B
Dolph,8564C7DFFC74
Hannis,6F2A38BAEF44
Denyse,E3EEA26DC01F
Hettie,3F7317F9A997
Shaine,21CEC44E6173
Alma,2BDDBDA08C3C
Tyrus,01C00F09679F
Mattias,F189057CC8C6
Danell,E524D6899DC9
Read,25FFACC25832
Kim,126D3938C81A
Lona,4692C68F1FBB
Marnia,0EC3932631E6
Jeni,5ACEE8E8DD22
Sidonia,FAD0CE7EA5D5
Dyana,2782C9F6A441
Ilyssa,C21E184D8DA2
Freida,B46B4EB74343
Stephani,2BC17A1B8D21
Whit,825F8D8DF7AA
Pansie,270BD469E265
